objectid,gis_key,address
"","002-009-000",""
"","004-045-018",""
"","002-056-000",""
"","001-029-006",""
"","002-087-053",""
"","002-073-038",""
"","002-073-035",""
"","002-073-008",""
"","002-073-005",""
"","002-073-002",""
"","024-046-000",""
"","009-011-000",""
"","006-121-000",""
"","003-105-000",""
"","006-121-001",""
"","002-073-032",""
"","002-073-011",""
"","002-073-044",""
"","002-073-026",""
"","018-048-000",""
"","003-102-000",""
"","004-116-000",""
"","023-007-000",""
"","004-045-007",""
"","004-045-015",""
"","024-048-000",""
"","002-024-000",""
"","001-020-000",""
"","002-073-020",""
"","006-066-003",""
"","002-073-041",""
"","002-035-002",""
"","001-035-034",""
"","002-018-000",""
"","004-052-047",""
"","001-035-033",""
"","005-160-000",""
"","006-066-002",""
"","006-066-005",""
"","004-047-001",""
"","004-060-018",""
"","004-025-007",""
"","002-012-014",""
"","002-073-017",""
"","001-010-010",""
"","002-028-030",""
"","002-073-047",""
"","002-073-014",""
"","002-087-001",""
"","008-028-000",""
"","002-073-029",""
"","001-029-003",""
"","001-020-019",""
"","004-065-000",""
"","004-061-002",""
"","024-047-000",""
"","006-070-000",""
"","006-070-012",""
"","003-044-000",""
"","006-066-004",""
"","002-073-023",""
"","006-103-016",""
"","001-013-000",""
"","002-054-000",""